{
  "$schema": "https://raw.githubusercontent.com/grafana/grafana/master/docs/sources/developers/plugins/plugin.schema.json",
  "type": "datasource",
  "name": "HCL OneTest Server Results Data",
  "id": "hcltechsw-otsresults-datasource",
  "metrics": true,
  "info": {
    "description": "HCL OneTest Server Results Data is a data source plugin used to access and display results data from HCL OneTest Server.",
    "author": {
      "name": "HCL Software Technologies",
      "url": "https://www.hcltechsw.com/"
    },
    "keywords": [
      "hcl",
      "onetest",
      "ots",
      "ctrdp"
    ],
    "logos": {
      "small": "img/logo.svg",
      "large": "img/logo.svg"
    },
    "links": [
      {
        "name": "Documentation",
        "url": "https://help.hcltechsw.com/onetest/hclonetestserver/10.2.2/com.hcl.test.server.testmanager.doc/topics/c_testmanager_guide.html"
      },
      {
        "name": "Website",
        "url": "https://www.hcltechsw.com/"
      },
      {
        "name": "License",
        "url": "https://github.com/grafana/grafana-starter-datasource/blob/master/LICENSE"
      }
    ],
    "screenshots": [
      {
        "name": "config",
        "path": "img/config.jpg"
      },
      {
        "name": "explore_query",
        "path": "img/explore_query.jpg"
      },
      {
        "name": "explore_graph",
        "path": "img/explore_graph.jpg"
      },
      {
        "name": "explore_table",
        "path": "img/explore_table.jpg"
      }
    ],
    "version": "10.2.2",
    "updated": "2021-12-15"
  },
  "dependencies": {
    "grafanaDependency": ">=7.0.0",
    "plugins": []
  }
}